Workbook

Sheet Menu
A1: Kode Menu | B1: Nama Menu | C1: Kategori | D1: Harga | E1: HPP
A2: M001 | B2: Cappucino | C2: Coffe | D2: 15000 | E2: 10000
A3: M002 | B3: Americano | C3: Coffe | D3: 16000 | E3: 11000
A4: M003 | B4: Matcha latte | C4: Non - Coffe | D4: 20000 | E4: 15000
A5: M004 | B5: Taro Latte | C5: Non - Coffe | D5: 30000 | E5: 10000
A6: M005 | B6: Cappucino | C6: Coffe | D6: 30000 | E6: 10000
A7: M006 | B7: Lychee Tea | C7: Non - Coffe | D7: 15000 | E7: 10000
A8: M007 | B8: Flat White | C8: Coffe | D8: 20000 | E8: 10000
A9: M008 | B9: Aren latte | C9: Coffe | D9: 20000 | E9: 15000
A10: M009 | B10: Mie Goreng | C10: Food | D10: 25000 | E10: 15000
A11: M010 | B11: Nasi Goreng | C11: Food | D11: 30000 | E11: 20000
A12: M011 | B12: Butterscotch Sea salt | C12: Coffe | D12: 25000 | E12: 20000
A13: M012 | B13: Coffe Mocktail | C13: Coffe | D13: 30000 | E13: 20000
... A16: M015 | B16: Kaya Toast | C16: Snack | D16: 25000 | E16: 15000

Sheet Penjualan
A1: ID Transaksi | B1: Tanggal | C1: Kode Menu | D1: Qty | E1: Channel | F1: Nama Menu | G1: Kategori | H1: Harga Satuan | I1: Hpp Satuan | J1: Omzet Transaksi | K1: Total Hpp Transaksi | L1: Laba Kotor Tansaksi | M1: Status Profit
A2: TS001 | B2: 46143 | C2: M001 | D2: 4 | E2: Makan Di Tempat | F2: =VLOOKUP(C2, Menu!$A$2:$E$16, 2, FALSE()) -> Cappucino | G2: =VLOOKUP(C2, Menu!$A$2:$E$16, 3, FALSE()) -> Coffe | H2: =VLOOKUP(C2, Menu!$A$2:$E$16, 4, FALSE()) -> 15000 | I2: =VLOOKUP(C2, Menu!$A$2:$E$16, 5, FALSE()) -> 10000 | J2: =D2*H2 -> 60000 | K2: =D2*I2 -> 40000 | L2: =J2-K2 -> 20000 | M2: =IF(L2>=100000, "HIGH PROFIT", IF(L2>=50000, "MEDIUM PROFIT", "LOW PROFIT")) -> LOW PROFIT
A3: TS002 | B3: 46144 | C3: M002 | D3: 8 | E3: Gofood | F3: =VLOOKUP(C3, Menu!$A$2:$E$16, 2, FALSE()) -> Americano | G3: =VLOOKUP(C3, Menu!$A$2:$E$16, 3, FALSE()) -> Coffe | H3: =VLOOKUP(C3, Menu!$A$2:$E$16, 4, FALSE()) -> 16000 | I3: =VLOOKUP(C3, Menu!$A$2:$E$16, 5, FALSE()) -> 11000 | J3: =D3*H3 -> 128000 | K3: =D3*I3 -> 88000 | L3: =J3-K3 -> 40000 | M3: =IF(L3>=100000, "HIGH PROFIT", IF(L3>=50000, "MEDIUM PROFIT", "LOW PROFIT")) -> LOW PROFIT | O3: Total Omzet | Q3: Kategori
A4: TS003 | B4: 46145 | C4: M003 | D4: 6 | E4: Takeaway | F4: =VLOOKUP(C4, Menu!$A$2:$E$16, 2, FALSE()) -> Matcha latte | G4: =VLOOKUP(C4, Menu!$A$2:$E$16, 3, FALSE()) -> Non - Coffe | H4: =VLOOKUP(C4, Menu!$A$2:$E$16, 4, FALSE()) -> 20000 | I4: =VLOOKUP(C4, Menu!$A$2:$E$16, 5, FALSE()) -> 15000 | J4: =D4*H4 -> 120000 | K4: =D4*I4 -> 90000 | L4: =J4-K4 -> 30000 | M4: =IF(L4>=100000, "HIGH PROFIT", IF(L4>=50000, "MEDIUM PROFIT", "LOW PROFIT")) -> LOW PROFIT | O4: =SUM(J2:J41) -> 5420000 | Q4: Coffe | R4: =SUMIF($G$2:$G$41, "Coffe", $J$2:$J$41) -> 2360000
A5: TS004 | B5: 46146 | C5: M004 | D5: 4 | E5: Makan Di Tempat | F5: =VLOOKUP(C5, Menu!$A$2:$E$16, 2, FALSE()) -> Taro Latte | G5: =VLOOKUP(C5, Menu!$A$2:$E$16, 3, FALSE()) -> Non - Coffe | H5: =VLOOKUP(C5, Menu!$A$2:$E$16, 4, FALSE()) -> 30000 | I5: =VLOOKUP(C5, Menu!$A$2:$E$16, 5, FALSE()) -> 10000 | J5: =D5*H5 -> 120000 | K5: =D5*I5 -> 40000 | L5: =J5-K5 -> 80000 | M5: =IF(L5>=100000, "HIGH PROFIT", IF(L5>=50000, "MEDIUM PROFIT", "LOW PROFIT")) -> MEDIUM PROFIT | O5: Total HPP | Q5: Non-Coffe | R5: =SUMIF($G$2:$G$41, "Non - Coffe", $J$2:$J$41) -> 1160000
A6: TS005 | B6: 46147 | C6: M005 | D6: 9 | E6: Gofood | F6: =VLOOKUP(C6, Menu!$A$2:$E$16, 2, FALSE()) -> Cappucino | G6: =VLOOKUP(C6, Menu!$A$2:$E$16, 3, FALSE()) -> Coffe | H6: =VLOOKUP(C6, Menu!$A$2:$E$16, 4, FALSE()) -> 30000 | I6: =VLOOKUP(C6, Menu!$A$2:$E$16, 5, FALSE()) -> 10000 | J6: =D6*H6 -> 270000 | K6: =D6*I6 -> 90000 | L6: =J6-K6 -> 180000 | M6: =IF(L6>=100000, "HIGH PROFIT", IF(L6>=50000, "MEDIUM PROFIT", "LOW PROFIT")) -> HIGH PROFIT | O6: =SUM(K2:K41) -> 3100000 | Q6: Food | R6: =SUMIF($G$2:$G$41, "Food", $J$2:$J$41) -> 1145000
A7: TS006 | B7: 46148 | C7: M006 | D7: 4 | E7: Takeaway | F7: =VLOOKUP(C7, Menu!$A$2:$E$16, 2, FALSE()) -> Lychee Tea | G7: =VLOOKUP(C7, Menu!$A$2:$E$16, 3, FALSE()) -> Non - Coffe | H7: =VLOOKUP(C7, Menu!$A$2:$E$16, 4, FALSE()) -> 15000 | I7: =VLOOKUP(C7, Menu!$A$2:$E$16, 5, FALSE()) -> 10000 | J7: =D7*H7 -> 60000 | K7: =D7*I7 -> 40000 | L7: =J7-K7 -> 20000 | M7: =IF(L7>=100000, "HIGH PROFIT", IF(L7>=50000, "MEDIUM PROFIT", "LOW PROFIT")) -> LOW PROFIT | O7: Total Laba Kotor | Q7: Snack | R7: =SUMIF($G$2:$G$41, "Snack", $J$2:$J$41) -> 755000
A8: TS007 | B8: 46149 | C8: M007 | D8: 3 | E8: Makan Di Tempat | F8: =VLOOKUP(C8, Menu!$A$2:$E$16, 2, FALSE()) -> Flat White | G8: =VLOOKUP(C8, Menu!$A$2:$E$16, 3, FALSE()) -> Coffe | H8: =VLOOKUP(C8, Menu!$A$2:$E$16, 4, FALSE()) -> 20000 | I8: =VLOOKUP(C8, Menu!$A$2:$E$16, 5, FALSE()) -> 10000 | J8: =D8*H8 -> 60000 | K8: =D8*I8 -> 30000 | L8: =J8-K8 -> 30000 | M8: =IF(L8>=100000, "HIGH PROFIT", IF(L8>=50000, "MEDIUM PROFIT", "LOW PROFIT")) -> LOW PROFIT | O8: =SUM(L2:L41) -> 2320000
A9: TS008 | B9: 46150 | C9: M008 | D9: 5 | E9: Gofood | F9: =VLOOKUP(C9, Menu!$A$2:$E$16, 2, FALSE()) -> Aren latte | G9: =VLOOKUP(C9, Menu!$A$2:$E$16, 3, FALSE()) -> Coffe | H9: =VLOOKUP(C9, Menu!$A$2:$E$16, 4, FALSE()) -> 20000 | I9: =VLOOKUP(C9, Menu!$A$2:$E$16, 5, FALSE()) -> 15000 | J9: =D9*H9 -> 100000 | K9: =D9*I9 -> 75000 | L9: =J9-K9 -> 25000 | M9: =IF(L9>=100000, "HIGH PROFIT", IF(L9>=50000, "MEDIUM PROFIT", "LOW PROFIT")) -> LOW PROFIT | O9: Rata-Rata Transaksi | Q9: Omzet Bedasarkan Channel
A10: TS009 | B10: 46151 | C10: M009 | D10: 8 | E10: Takeaway | F10: =VLOOKUP(C10, Menu!$A$2:$E$16, 2, FALSE()) -> Mie Goreng | G10: =VLOOKUP(C10, Menu!$A$2:$E$16, 3, FALSE()) -> Food | H10: =VLOOKUP(C10, Menu!$A$2:$E$16, 4, FALSE()) -> 25000 | I10: =VLOOKUP(C10, Menu!$A$2:$E$16, 5, FALSE()) -> 15000 | J10: =D10*H10 -> 200000 | K10: =D10*I10 -> 120000 | L10: =J10-K10 -> 80000 | M10: =IF(L10>=100000, "HIGH PROFIT", IF(L10>=50000, "MEDIUM PROFIT", "LOW PROFIT")) -> MEDIUM PROFIT | O10: =AVERAGE(H2:H41) -> 22825 | Q10: Makan di tempat | R10: =SUMIF($E$2:$E$41, "Makan Di Tempat", $J$2:$J$41) -> 2055000
A11: TS010 | B11: 46152 | C11: M010 | D11: 9 | E11: Makan Di Tempat | F11: =VLOOKUP(C11, Menu!$A$2:$E$16, 2, FALSE()) -> Nasi Goreng | G11: =VLOOKUP(C11, Menu!$A$2:$E$16, 3, FALSE()) -> Food | H11: =VLOOKUP(C11, Menu!$A$2:$E$16, 4, FALSE()) -> 30000 | I11: =VLOOKUP(C11, Menu!$A$2:$E$16, 5, FALSE()) -> 20000 | J11: =D11*H11 -> 270000 | K11: =D11*I11 -> 180000 | L11: =J11-K11 -> 90000 | M11: =IF(L11>=100000, "HIGH PROFIT", IF(L11>=50000, "MEDIUM PROFIT", "LOW PROFIT")) -> MEDIUM PROFIT | Q11: Takeaway | R11: =SUMIF($E$2:$E$41, "Takeaway", $J$2:$J$41) -> 1510000
A12: TS011 | B12: 46153 | C12: M011 | D12: 8 | E12: Gofood | F12: =VLOOKUP(C12, Menu!$A$2:$E$16, 2, FALSE()) -> Butterscotch Sea salt | G12: =VLOOKUP(C12, Menu!$A$2:$E$16, 3, FALSE()) -> Coffe | H12: =VLOOKUP(C12, Menu!$A$2:$E$16, 4, FALSE()) -> 25000 | I12: =VLOOKUP(C12, Menu!$A$2:$E$16, 5, FALSE()) -> 20000 | J12: =D12*H12 -> 200000 | K12: =D12*I12 -> 160000 | L12: =J12-K12 -> 40000 | M12: =IF(L12>=100000, "HIGH PROFIT", IF(L12>=50000, "MEDIUM PROFIT", "LOW PROFIT")) -> LOW PROFIT | Q12: Gofood | R12: =SUMIF($E$2:$E$41, "Gofood", $J$2:$J$41) -> 1855000
A13: TS012 | B13: 46154 | C13: M012 | D13: 5 | E13: Takeaway | F13: =VLOOKUP(C13, Menu!$A$2:$E$16, 2, FALSE()) -> Coffe Mocktail | G13: =VLOOKUP(C13, Menu!$A$2:$E$16, 3, FALSE()) -> Coffe | H13: =VLOOKUP(C13, Menu!$A$2:$E$16, 4, FALSE()) -> 30000 | I13: =VLOOKUP(C13, Menu!$A$2:$E$16, 5, FALSE()) -> 20000 | J13: =D13*H13 -> 150000 | K13: =D13*I13 -> 100000 | L13: =J13-K13 -> 50000 | M13: =IF(L13>=100000, "HIGH PROFIT", IF(L13>=50000, "MEDIUM PROFIT", "LOW PROFIT")) -> MEDIUM PROFIT | O13: Jumlah Produk Terjual
A14: TS013 | B14: 46155 | C14: M013 | D14: 3 | E14: Makan Di Tempat | F14: =VLOOKUP(C14, Menu!$A$2:$E$16, 2, FALSE()) -> French Fries | G14: =VLOOKUP(C14, Menu!$A$2:$E$16, 3, FALSE()) -> Snack | H14: =VLOOKUP(C14, Menu!$A$2:$E$16, 4, FALSE()) -> 20000 | I14: =VLOOKUP(C14, Menu!$A$2:$E$16, 5, FALSE()) -> 10000 | J14: =D14*H14 -> 60000 | K14: =D14*I14 -> 30000 | L14: =J14-K14 -> 30000 | M14: =IF(L14>=100000, "HIGH PROFIT", IF(L14>=50000, "MEDIUM PROFIT", "LOW PROFIT")) -> LOW PROFIT | O14: =SUMIF($G$2:$G$41, "Coffe", $D$2:$D$41) -> 109 | Q14: Jumlah Transaksi Channel
A15: TS014 | B15: 46156 | C15: M014 | D15: 8 | E15: Gofood | F15: =VLOOKUP(C15, Menu!$A$2:$E$16, 2, FALSE()) -> Dimsun | G15: =VLOOKUP(C15, Menu!$A$2:$E$16, 3, FALSE()) -> Snack | H15: =VLOOKUP(C15, Menu!$A$2:$E$16, 4, FALSE()) -> 25000 | I15: =VLOOKUP(C15, Menu!$A$2:$E$16, 5, FALSE()) -> 5000 | J15: =D15*H15 -> 200000 | K15: =D15*I15 -> 40000 | L15: =J15-K15 -> 160000 | M15: =IF(L15>=100000, "HIGH PROFIT", IF(L15>=50000, "MEDIUM PROFIT", "LOW PROFIT")) -> HIGH PROFIT | O15: =SUMIF($G$2:$G$41, "Non - Coffe", $D$2:$D$41) -> 52 | Q15: Makan di tempat | R15: =COUNTIF($E$2:$E$41, "Makan Di Tempat") -> 14
A16: TS015 | B16: 46157 | C16: M015 | D16: 6 | E16: Takeaway | F16: =VLOOKUP(C16, Menu!$A$2:$E$16, 2, FALSE()) -> Kaya Toast | G16: =VLOOKUP(C16, Menu!$A$2:$E$16, 3, FALSE()) -> Snack | H16: =VLOOKUP(C16, Menu!$A$2:$E$16, 4, FALSE()) -> 25000 | I16: =VLOOKUP(C16, Menu!$A$2:$E$16, 5, FALSE()) -> 15000 | J16: =D16*H16 -> 150000 | K16: =D16*I16 -> 90000 | L16: =J16-K16 -> 60000 | M16: =IF(L16>=100000, "HIGH PROFIT", IF(L16>=50000, "MEDIUM PROFIT", "LOW PROFIT")) -> MEDIUM PROFIT | O16: =SUMIF($G$2:$G$41, "Snack", $D$2:$D$41) -> 32 | Q16: Gofood | R16: =COUNTIF($E$2:$E$41, "Gofood") -> 13
A17: TS016 | B17: 46158 | C17: M001 | D17: 7 | E17: Makan Di Tempat | F17: =VLOOKUP(C17, Menu!$A$2:$E$16, 2, FALSE()) -> Cappucino | G17: =VLOOKUP(C17, Menu!$A$2:$E$16, 3, FALSE()) -> Coffe | H17: =VLOOKUP(C17, Menu!$A$2:$E$16, 4, FALSE()) -> 15000 | I17: =VLOOKUP(C17, Menu!$A$2:$E$16, 5, FALSE()) -> 10000 | J17: =D17*H17 -> 105000 | K17: =D17*I17 -> 70000 | L17: =J17-K17 -> 35000 | M17: =IF(L17>=100000, "HIGH PROFIT", IF(L17>=50000, "MEDIUM PROFIT", "LOW PROFIT")) -> LOW PROFIT | O17: =SUMIF($G$2:$G$41, "Food", $D$2:$D$41) -> 41 | Q17: Takeaway | R17: =COUNTIF($E$2:$E$41, "Takeaway") -> 13
A18: TS017 | B18: 46159 | C18: M002 | D18: 4 | E18: Gofood | F18: =VLOOKUP(C18, Menu!$A$2:$E$16, 2, FALSE()) -> Americano | G18: =VLOOKUP(C18, Menu!$A$2:$E$16, 3, FALSE()) -> Coffe | H18: =VLOOKUP(C18, Menu!$A$2:$E$16, 4, FALSE()) -> 16000 | I18: =VLOOKUP(C18, Menu!$A$2:$E$16, 5, FALSE()) -> 11000 | J18: =D18*H18 -> 64000 | K18: =D18*I18 -> 44000 | L18: =J18-K18 -> 20000 | M18: =IF(L18>=100000, "HIGH PROFIT", IF(L18>=50000, "MEDIUM PROFIT", "LOW PROFIT")) -> LOW PROFIT
A19: TS018 | B19: 46160 | C19: M003 | D19: 7 | E19: Takeaway | F19: =VLOOKUP(C19, Menu!$A$2:$E$16, 2, FALSE()) -> Matcha latte | G19: =VLOOKUP(C19, Menu!$A$2:$E$16, 3, FALSE()) -> Non - Coffe | H19: =VLOOKUP(C19, Menu!$A$2:$E$16, 4, FALSE()) -> 20000 | I19: =VLOOKUP(C19, Menu!$A$2:$E$16, 5, FALSE()) -> 15000 | J19: =D19*H19 -> 140000 | K19: =D19*I19 -> 105000 | L19: =J19-K19 -> 35000 | M19: =IF(L19>=100000, "HIGH PROFIT", IF(L19>=50000, "MEDIUM PROFIT", "LOW PROFIT")) -> LOW PROFIT
A20: TS019 | B20: 46161 | C20: M004 | D20: 8 | E20: Makan Di Tempat | F20: =VLOOKUP(C20, Menu!$A$2:$E$16, 2, FALSE()) -> Taro Latte | G20: =VLOOKUP(C20, Menu!$A$2:$E$16, 3, FALSE()) -> Non - Coffe | H20: =VLOOKUP(C20, Menu!$A$2:$E$16, 4, FALSE()) -> 30000 | I20: =VLOOKUP(C20, Menu!$A$2:$E$16, 5, FALSE()) -> 10000 | J20: =D20*H20 -> 240000 | K20: =D20*I20 -> 80000 | L20: =J20-K20 -> 160000 | M20: =IF(L20>=100000, "HIGH PROFIT", IF(L20>=50000, "MEDIUM PROFIT", "LOW PROFIT")) -> HIGH PROFIT | O20: Kategori Omzet Terbesar | P20: Channel dengan Transaksi Terbanyak
A21: TS020 | B21: 46162 | C21: M005 | D21: 3 | E21: Gofood | F21: =VLOOKUP(C21, Menu!$A$2:$E$16, 2, FALSE()) -> Cappucino | G21: =VLOOKUP(C21, Menu!$A$2:$E$16, 3, FALSE()) -> Coffe | H21: =VLOOKUP(C21, Menu!$A$2:$E$16, 4, FALSE()) -> 30000 | I21: =VLOOKUP(C21, Menu!$A$2:$E$16, 5, FALSE()) -> 10000 | J21: =D21*H21 -> 90000 | K21: =D21*I21 -> 30000 | L21: =J21-K21 -> 60000 | M21: =IF(L21>=100000, "HIGH PROFIT", IF(L21>=50000, "MEDIUM PROFIT", "LOW PROFIT")) -> MEDIUM PROFIT | O21: {=INDEX(Q4:Q7, MATCH(MAX(R4:R7), R4:R7, 0))} -> Coffe | P21: =INDEX(Q15:Q17, MATCH(MAX(R15:R17), R15:R17, 0)) -> Makan di tempat
A22: TS021 | B22: 46163 | C22: M006 | D22: 6 | E22: Takeaway | F22: =VLOOKUP(C22, Menu!$A$2:$E$16, 2, FALSE()) -> Lychee Tea | G22: =VLOOKUP(C22, Menu!$A$2:$E$16, 3, FALSE()) -> Non - Coffe | H22: =VLOOKUP(C22, Menu!$A$2:$E$16, 4, FALSE()) -> 15000 | I22: =VLOOKUP(C22, Menu!$A$2:$E$16, 5, FALSE()) -> 10000 | J22: =D22*H22 -> 90000 | K22: =D22*I22 -> 60000 | L22: =J22-K22 -> 30000 | M22: =IF(L22>=100000, "HIGH PROFIT", IF(L22>=50000, "MEDIUM PROFIT", "LOW PROFIT")) -> LOW PROFIT | O22: Kategori Terlaris | P22: Channel dengan Omzet Terbanyak
A23: TS022 | B23: 46164 | C23: M007 | D23: 5 | E23: Makan Di Tempat | F23: =VLOOKUP(C23, Menu!$A$2:$E$16, 2, FALSE()) -> Flat White | G23: =VLOOKUP(C23, Menu!$A$2:$E$16, 3, FALSE()) -> Coffe | H23: =VLOOKUP(C23, Menu!$A$2:$E$16, 4, FALSE()) -> 20000 | I23: =VLOOKUP(C23, Menu!$A$2:$E$16, 5, FALSE()) -> 10000 | J23: =D23*H23 -> 100000 | K23: =D23*I23 -> 50000 | L23: =J23-K23 -> 50000 | M23: =IF(L23>=100000, "HIGH PROFIT", IF(L23>=50000, "MEDIUM PROFIT", "LOW PROFIT")) -> MEDIUM PROFIT | O23: =INDEX({"Coffe","Non-Coffe","Snack","Food"}, MATCH(MAX(O14:O17), O14:O17, 0)) -> Coffe | P23: =INDEX(Q10:Q12, MATCH(MAX(R10:R12), R10:R12, 0)) -> Makan di tempat
A24: TS023 | B24: 46165 | C24: M008 | D24: 7 | E24: Gofood | F24: =VLOOKUP(C24, Menu!$A$2:$E$16, 2, FALSE()) -> Aren latte | G24: =VLOOKUP(C24, Menu!$A$2:$E$16, 3, FALSE()) -> Coffe | H24: =VLOOKUP(C24, Menu!$A$2:$E$16, 4, FALSE()) -> 20000 | I24: =VLOOKUP(C24, Menu!$A$2:$E$16, 5, FALSE()) -> 15000 | J24: =D24*H24 -> 140000 | K24: =D24*I24 -> 105000 | L24: =J24-K24 -> 35000 | M24: =IF(L24>=100000, "HIGH PROFIT", IF(L24>=50000, "MEDIUM PROFIT", "LOW PROFIT")) -> LOW PROFIT
A25: TS024 | B25: 46166 | C25: M009 | D25: 6 | E25: Takeaway | F25: =VLOOKUP(C25, Menu!$A$2:$E$16, 2, FALSE()) -> Mie Goreng | G25: =VLOOKUP(C25, Menu!$A$2:$E$16, 3, FALSE()) -> Food | H25: =VLOOKUP(C25, Menu!$A$2:$E$16, 4, FALSE()) -> 25000 | I25: =VLOOKUP(C25, Menu!$A$2:$E$16, 5, FALSE()) -> 15000 | J25: =D25*H25 -> 150000 | K25: =D25*I25 -> 90000 | L25: =J25-K25 -> 60000 | M25: =IF(L25>=100000, "HIGH PROFIT", IF(L25>=50000, "MEDIUM PROFIT", "LOW PROFIT")) -> MEDIUM PROFIT
A26: TS025 | B26: 46167 | C26: M010 | D26: 6 | E26: Makan Di Tempat | F26: =VLOOKUP(C26, Menu!$A$2:$E$16, 2, FALSE()) -> Nasi Goreng | G26: =VLOOKUP(C26, Menu!$A$2:$E$16, 3, FALSE()) -> Food | H26: =VLOOKUP(C26, Menu!$A$2:$E$16, 4, FALSE()) -> 30000 | I26: =VLOOKUP(C26, Menu!$A$2:$E$16, 5, FALSE()) -> 20000 | J26: =D26*H26 -> 180000 | K26: =D26*I26 -> 120000 | L26: =J26-K26 -> 60000 | M26: =IF(L26>=100000, "HIGH PROFIT", IF(L26>=50000, "MEDIUM PROFIT", "LOW PROFIT")) -> MEDIUM PROFIT
A27: TS026 | B27: 46168 | C27: M011 | D27: 9 | E27: Gofood | F27: =VLOOKUP(C27, Menu!$A$2:$E$16, 2, FALSE()) -> Butterscotch Sea salt | G27: =VLOOKUP(C27, Menu!$A$2:$E$16, 3, FALSE()) -> Coffe | H27: =VLOOKUP(C27, Menu!$A$2:$E$16, 4, FALSE()) -> 25000 | I27: =VLOOKUP(C27, Menu!$A$2:$E$16, 5, FALSE()) -> 20000 | J27: =D27*H27 -> 225000 | K27: =D27*I27 -> 180000 | L27: =J27-K27 -> 45000 | M27: =IF(L27>=100000, "HIGH PROFIT", IF(L27>=50000, "MEDIUM PROFIT", "LOW PROFIT")) -> LOW PROFIT
A28: TS027 | B28: 46169 | C28: M012 | D28: 4 | E28: Takeaway | F28: =VLOOKUP(C28, Menu!$A$2:$E$16, 2, FALSE()) -> Coffe Mocktail | G28: =VLOOKUP(C28, Menu!$A$2:$E$16, 3, FALSE()) -> Coffe | H28: =VLOOKUP(C28, Menu!$A$2:$E$16, 4, FALSE()) -> 30000 | I28: =VLOOKUP(C28, Menu!$A$2:$E$16, 5, FALSE()) -> 20000 | J28: =D28*H28 -> 120000 | K28: =D28*I28 -> 80000 | L28: =J28-K28 -> 40000 | M28: =IF(L28>=100000, "HIGH PROFIT", IF(L28>=50000, "MEDIUM PROFIT", "LOW PROFIT")) -> LOW PROFIT
A29: TS028 | B29: 46170 | C29: M013 | D29: 6 | E29: Makan Di Tempat | F29: =VLOOKUP(C29, Menu!$A$2:$E$16, 2, FALSE()) -> French Fries | G29: =VLOOKUP(C29, Menu!$A$2:$E$16, 3, FALSE()) -> Snack | H29: =VLOOKUP(C29, Menu!$A$2:$E$16, 4, FALSE()) -> 20000 | I29: =VLOOKUP(C29, Menu!$A$2:$E$16, 5, FALSE()) -> 10000 | J29: =D29*H29 -> 120000 | K29: =D29*I29 -> 60000 | L29: =J29-K29 -> 60000 | M29: =IF(L29>=100000, "HIGH PROFIT", IF(L29>=50000, "MEDIUM PROFIT", "LOW PROFIT")) -> MEDIUM PROFIT
A30: TS029 | B30: 46171 | C30: M014 | D30: 6 | E30: Gofood | F30: =VLOOKUP(C30, Menu!$A$2:$E$16, 2, FALSE()) -> Dimsun | G30: =VLOOKUP(C30, Menu!$A$2:$E$16, 3, FALSE()) -> Snack | H30: =VLOOKUP(C30, Menu!$A$2:$E$16, 4, FALSE()) -> 25000 | I30: =VLOOKUP(C30, Menu!$A$2:$E$16, 5, FALSE()) -> 5000 | J30: =D30*H30 -> 150000 | K30: =D30*I30 -> 30000 | L30: =J30-K30 -> 120000 | M30: =IF(L30>=100000, "HIGH PROFIT", IF(L30>=50000, "MEDIUM PROFIT", "LOW PROFIT")) -> HIGH PROFIT
A31: TS030 | B31: 46172 | C31: M015 | D31: 3 | E31: Takeaway | F31: =VLOOKUP(C31, Menu!$A$2:$E$16, 2, FALSE()) -> Kaya Toast | G31: =VLOOKUP(C31, Menu!$A$2:$E$16, 3, FALSE()) -> Snack | H31: =VLOOKUP(C31, Menu!$A$2:$E$16, 4, FALSE()) -> 25000 | I31: =VLOOKUP(C31, Menu!$A$2:$E$16, 5, FALSE()) -> 15000 | J31: =D31*H31 -> 75000 | K31: =D31*I31 -> 45000 | L31: =J31-K31 -> 30000 | M31: =IF(L31>=100000, "HIGH PROFIT", IF(L31>=50000, "MEDIUM PROFIT", "LOW PROFIT")) -> LOW PROFIT
A32: TS031 | B32: 46173 | C32: M001 | D32: 8 | E32: Makan Di Tempat | F32: =VLOOKUP(C32, Menu!$A$2:$E$16, 2, FALSE()) -> Cappucino | G32: =VLOOKUP(C32, Menu!$A$2:$E$16, 3, FALSE()) -> Coffe | H32: =VLOOKUP(C32, Menu!$A$2:$E$16, 4, FALSE()) -> 15000 | I32: =VLOOKUP(C32, Menu!$A$2:$E$16, 5, FALSE()) -> 10000 | J32: =D32*H32 -> 120000 | K32: =D32*I32 -> 80000 | L32: =J32-K32 -> 40000 | M32: =IF(L32>=100000, "HIGH PROFIT", IF(L32>=50000, "MEDIUM PROFIT", "LOW PROFIT")) -> LOW PROFIT
A33: TS032 | B33: 46174 | C33: M002 | D33: 3 | E33: Gofood | F33: =VLOOKUP(C33, Menu!$A$2:$E$16, 2, FALSE()) -> Americano | G33: =VLOOKUP(C33, Menu!$A$2:$E$16, 3, FALSE()) -> Coffe | H33: =VLOOKUP(C33, Menu!$A$2:$E$16, 4, FALSE()) -> 16000 | I33: =VLOOKUP(C33, Menu!$A$2:$E$16, 5, FALSE()) -> 11000 | J33: =D33*H33 -> 48000 | K33: =D33*I33 -> 33000 | L33: =J33-K33 -> 15000 | M33: =IF(L33>=100000, "HIGH PROFIT", IF(L33>=50000, "MEDIUM PROFIT", "LOW PROFIT")) -> LOW PROFIT
A34: TS033 | B34: 46175 | C34: M003 | D34: 6 | E34: Takeaway | F34: =VLOOKUP(C34, Menu!$A$2:$E$16, 2, FALSE()) -> Matcha latte | G34: =VLOOKUP(C34, Menu!$A$2:$E$16, 3, FALSE()) -> Non - Coffe | H34: =VLOOKUP(C34, Menu!$A$2:$E$16, 4, FALSE()) -> 20000 | I34: =VLOOKUP(C34, Menu!$A$2:$E$16, 5, FALSE()) -> 15000 | J34: =D34*H34 -> 120000 | K34: =D34*I34 -> 90000 | L34: =J34-K34 -> 30000 | M34: =IF(L34>=100000, "HIGH PROFIT", IF(L34>=50000, "MEDIUM PROFIT", "LOW PROFIT")) -> LOW PROFIT
A35: TS034 | B35: 46176 | C35: M004 | D35: 7 | E35: Makan Di Tempat | F35: =VLOOKUP(C35, Menu!$A$2:$E$16, 2, FALSE()) -> Taro Latte | G35: =VLOOKUP(C35, Menu!$A$2:$E$16, 3, FALSE()) -> Non - Coffe | H35: =VLOOKUP(C35, Menu!$A$2:$E$16, 4, FALSE()) -> 30000 | I35: =VLOOKUP(C35, Menu!$A$2:$E$16, 5, FALSE()) -> 10000 | J35: =D35*H35 -> 210000 | K35: =D35*I35 -> 70000 | L35: =J35-K35 -> 140000 | M35: =IF(L35>=100000, "HIGH PROFIT", IF(L35>=50000, "MEDIUM PROFIT", "LOW PROFIT")) -> HIGH PROFIT
... A41: TS040 | B41: 46182 | C41: M010 | D41: 9 | E41: Makan Di Tempat | F41: =VLOOKUP(C41, Menu!$A$2:$E$16, 2, FALSE()) -> Nasi Goreng | G41: =VLOOKUP(C41, Menu!$A$2:$E$16, 3, FALSE()) -> Food | H41: =VLOOKUP(C41, Menu!$A$2:$E$16, 4, FALSE()) -> 30000 | I41: =VLOOKUP(C41, Menu!$A$2:$E$16, 5, FALSE()) -> 20000 | J41: =D41*H41 -> 270000 | K41: =D41*I41 -> 180000 | L41: =J41-K41 -> 90000 | M41: =IF(L41>=100000, "HIGH PROFIT", IF(L41>=50000, "MEDIUM PROFIT", "LOW PROFIT")) -> MEDIUM PROFIT

Sheet README
A1: README - SHEET COFFE SHOP
A3: Fungsi : Catatan transaksi harian otomatis menghitung omzet, laba, kotor dan menganalisis menu paling laku tanpa hitung manual
A5: Pembagian Sheet : Menu, Penjualan
A6: Menu : pusat data harga jual seluruh produk
A7: Penjualan : tabel input transaksi harian kasir
A9: Cara Kerja Rumus :
A10: VLOOKUP : Narik nama barang, kategori, dan harga otomatis dari sheet menu hanya pakai Kode Menu
A11: SUM : Menghitung total seluruh omzet
A12: AVERAGE : Menghitung rata - rata belanjaan pelanggan
A13: SUM IF : Memilah omzet khusus perkategori
A14: COUNT IF : Memilah jumlah transaksi per kategori
A15: IF : Nentuin otomatis bahwa si transaksi ini itu tergolong low profit, medium ama high
